Vendor Name,Mac Prefix
ASUSTek COMPUTER INC.,"00:E0:18, 00:0C:6E, 00:0E:A6, 00:11:2F, 00:11:D8, 00:13:D4, 00:15:F2, 00:17:31, 00:18:F3, 00:1A:92, 00:1B:FC, 00:1D:60, 00:1E:8C, 00:1F:C6, 00:22:15, 00:23:54, 00:24:8C, 00:26:18, 90:E6:BA, E0:CB:4E, 48:5B:39, 20:CF:30, BC:AE:C5, F4:6D:04, 14:DA:E9, 54:04:A6, C8:60:00, 10:BF:48, 30:85:A9, 50:46:5D, 08:60:6E, 60:A4:4C, 74:D0:2B, AC:22:0B, D8:50:E6, BC:EE:7B, E0:3F:49, 40:16:7E, 10:C3:7B, 78:24:AF, 54:A0:50, 38:2C:4A, AC:9E:17, F0:79:59, F8:32:E4, FC:C2:33, 1C:B7:2C, 14:DD:A9, 08:62:66, 2C:56:DC, 1C:87:2C, 30:5A:3A, 9C:5C:8E, D0:17:C2, 34:97:F6, 70:8B:CD, 38:D5:47, 70:4D:7B, 2C:4D:54, 60:45:CB, 88:D7:F6, 10:7B:44, B0:6E:BF, 2C:FD:A1, 18:31:BF, 4C:ED:FB, 0C:9D:92, 04:92:26, 40:B0:76, 04:D4:C4, 04:D9:F5, A8:5E:45, D4:5D:64, 24:4B:FE, 3C:7C:3F, F0:2F:74, FC:34:97, 7C:10:C9, 04:42:1A, 50:EB:F6, 58:11:22, A0:36:BC, C8:7F:54, 08:BF:B8, E8:9C:25, 10:7C:61, CC:28:AA"
Acer Inc.,C0:98:79
"Apple, Inc.","00:05:02, 00:10:FA, 00:A0:40, 08:00:07, 00:03:93, 00:0A:27, 00:30:65, 00:50:E4, 00:0A:95, 00:0D:93, 00:11:24, 00:14:51, 00:16:CB, 00:17:F2, 00:19:E3, 00:1B:63, 00:1C:B3, 00:1D:4F, 00:1E:52, 00:1E:C2, 00:1F:5B, 00:1F:F3, 00:21:E9, 00:22:41, 00:23:12, 00:23:32, 00:23:6C, 00:23:DF, 00:24:36, 00:25:00, 00:25:4B, 00:25:BC, 00:26:08, 00:26:4A, 00:26:B0, 00:26:BB, 04:1E:64, 34:15:9E, 60:FB:42, 64:B9:E8, 7C:6D:62, 90:84:0D, D4:9A:20, F8:1E:DF, 40:D3:2D, 58:B0:35, D8:30:62, E8:06:88, C4:2C:03, 90:27:E4, D8:A2:5E, 60:33:4B, 5C:59:48, 7C:C5:37, 78:CA:39, C8:BC:C8, 18:E7:F4, B8:FF:61, CC:08:E0, 10:93:E9, 10:9A:DD, 24:AB:81, 40:A6:D9, 58:55:CA, 70:CD:60, 8C:7B:9D, DC:2B:61, F0:B4:79, 04:0C:CE, 28:E7:CF, 3C:07:54, 44:2A:60, 58:1F:AA, 7C:F0:5F, 88:C6:63, 8C:58:77, 98:03:D8, A4:67:06, A4:B1:97, C8:2A:14, D8:9E:3F, E0:F8:47, E4:CE:8F, 0C:74:C2, 14:5A:05, 28:CF:DA, 40:30:04, 40:3C:FC, 48:60:BC, A4:D1:D2, B8:C7:5D, E8:04:0B, 14:8F:C6, 28:6A:B8, 34:51:C9, 28:37:37, 40:6C:8F, 50:EA:D6, 28:E0:2C, 60:C5:47, D0:23:DB, E0:B9:BA, 00:C6:10, 04:54:53, 70:DE:E2, B8:8D:12, 68:A8:6D, 7C:11:BE, B8:17:C2, F0:CB:A1, 28:6A:BA, 18:20:32, 3C:D0:F8, 78:A3:E4, 7C:C3:A1, 60:FA:CD, 68:09:27, 70:73:CB, 98:D6:BB, 00:3E:E1, 10:40:F3, 1C:AB:A7, 6C:C2:6B, 18:34:51, 44:D8:84, 64:20:0C, C0:84:7A, FC:25:3F, 00:F4:B9, 0C:77:1A, 74:E1:B6, EC:85:2F, 4C:B1:99, 64:E6:82, B8:F6:B1, C8:33:4B, F0:FB:56, 18:9E:FC, 5C:95:AE, 70:56:81, 7C:D1:C3, 80:49:71, 84:29:99, 8C:FA:BA, 9C:20:7B, C0:9F:42, F0:DC:E2, B0:65:BD, 6C:3E:6D, 74:E2:F5, A8:20:66, BC:67:78, 20:C9:D0, 68:96:7B, BC:52:B7, E0:C9:7A, 14:10:9F, 84:85:06, 8C:2D:AA, 98:FE:94, 44:4C:0C, 04:F7:E4, 10:DD:B1, 34:C0:59, 54:26:96, 5C:96:9D, 80:92:9F, 84:FC:FE, 88:53:95, 98:B8:E3, 9C:04:EB, A8:96:8A, A8:FA:D8, B4:F0:AB, D8:00:4D, D8:D1:CB, E4:8B:7F, 00:88:65, 04:15:52, 04:26:65, 20:7D:74, 28:CF:E9, 30:90:AB, 30:F7:C5, 38:48:4C, 3C:E0:72, 40:B3:95, 44:FB:42, 4C:8D:79, 60:FE:C5, 64:A3:CB, 70:11:24, 78:6C:1C, 7C:FA:DF, 88:CB:87, 94:94:26, AC:3C:0B, BC:3B:AF, BC:92:6B, C8:6F:1D, CC:78:5F, E4:25:E7, E8:8D:28, EC:35:86, F0:D1:A9, F4:1B:A1, F4:F1:5A, 10:1C:0C, 1C:E6:2B, 2C:B4:3A, 68:5B:35, A0:ED:CD, B8:78:2E, E0:F5:C6, 38:0F:4A, 68:9C:70, 88:1F:A1, 04:E5:36, 08:70:45, 84:38:35, C8:E0:EB, F4:F9:51, A8:88:08, C0:63:94, 18:AF:8F, 8C:00:6D, A4:C3:61, A8:BB:CF, C8:B5:B7, 90:72:40, 90:B2:1F, AC:7F:3E, B0:9F:BA, B8:E8:56, 0C:30:21, 0C:4D:E9, 28:0B:5C, D8:96:95, 30:10:E4, 54:EA:A8, A8:86:DD, 04:DB:56, 18:AF:61, 28:E1:4C, 54:E4:3A, 5C:F9:38, 60:69:44, DC:86:D8, E4:98:D6, E4:C6:3D, F0:C1:F1, F8:27:93, 04:F1:3E, 0C:3E:9F, 14:99:E2, 24:A2:E1, 60:03:08, 80:EA:96, 8C:29:37, 90:B9:31, 98:F0:AB, AC:FD:EC, B4:18:D1, D0:E1:40, DC:9B:9C, F0:F6:1C, 48:74:6E, 54:72:4F, 54:AE:27, 78:31:C1, 80:00:6E, 84:8E:0C, 8C:7C:92, AC:CF:5C, B0:34:95, F0:DB:F8, F4:37:B7, 34:E2:FD, 3C:15:C2, 60:D9:C7, 64:76:BA, 6C:70:9F, 04:48:9A, 1C:1A:C0, 3C:AB:8E, 60:92:17, 84:B1:53, C8:F6:50, D8:CF:9C, 48:D7:05, 78:3A:84, 7C:6D:F8, E0:66:78, 2C:BE:08, 5C:8D:4E, 78:FD:94, 88:63:DF, 24:E3:14, A8:8E:24, C0:F2:FB, E8:80:2E, 00:61:71, 00:F7:6F, 2C:F0:EE, 5C:97:F3, 68:AE:20, 68:D9:3C, 6C:40:08, 80:E6:50, 84:78:8B, 90:FD:61, AC:87:A3, C8:85:50, 80:BE:05, D4:F4:6F, E0:B5:2D, 6C:94:F8, 70:3E:AC, D0:4F:7E, D8:BB:2C, 34:A3:95, 48:43:7C, 78:7E:61, 9C:F3:87, 20:A2:E4, 24:A0:74, 60:F8:1D, A8:5B:78, F0:24:75, 2C:1F:23, 54:9F:13, 90:8D:6C, B8:09:8A, F0:DB:E2, 0C:15:39, 18:EE:69, 4C:7C:5F, 5C:F5:DA, C0:1A:DA, 00:CD:FE, CC:44:63, 6C:72:E7, CC:C7:60, 08:74:02, 28:5A:EB, 28:F0:76, 34:36:3B, C8:1E:E7, 9C:FC:01, AC:BC:32, 0C:D7:46, 44:00:10, 04:52:F3, 24:1E:EB, F4:31:C3, 64:A5:C3, 98:5A:EB, 20:78:F0, 78:D7:5F, E0:AC:CB, 98:E0:D9, C0:CE:CD, 70:E7:2C, D0:33:11, BC:4C:C4, 0C:BC:9F, A4:5E:60, 54:4E:90, 5C:AD:CF, 00:6D:52, BC:54:36, 38:71:DE, 94:E9:6A, AC:29:3A, 10:41:7F, 70:14:A6, A8:66:7F, D0:25:98, CC:29:F5, 64:9A:BE, B8:44:D9, DC:2B:2A, 6C:8D:C1, 38:CA:DA, 68:DB:CA, 04:4B:ED, A4:D1:8C, CC:25:EF, 78:9F:70, DC:37:14, 40:33:1A, 94:F6:A3, D8:1D:72, 70:EC:E4, 38:C9:86, FC:FC:48, 48:E9:F1, FC:E9:98, F0:99:BF, 68:64:4B, 20:9B:CD, F0:B0:E7, CC:20:E8, 28:ED:6A, 34:AB:37, 60:A3:7D, 00:56:CD, 70:81:EB, 08:66:98, 90:60:F1, 74:1B:B2, A4:31:35, 9C:35:EB, 50:7A:55, A0:99:9B, 24:24:0E, 90:3C:92, 34:12:98, 9C:29:3F, 74:81:14, 18:F6:43, D0:A6:37, A0:18:28, D0:03:4B, 7C:01:91, 70:48:0F, A4:B8:05, 58:7F:57, 80:D6:05, C8:69:CD, BC:6C:21, 04:69:F8, AC:61:EA, 38:B5:4D, A4:F1:E8, 1C:9E:46, E0:C7:67, 9C:4F:DA, 1C:5C:F2, E4:9A:79, 28:A0:2B, B4:4B:D2, B4:8B:19, F4:5C:89, BC:EC:5D, DC:41:5F, 30:63:6B, 20:76:8F, C0:CC:F8, 80:ED:2C, E8:B2:AC, 84:89:AD, 68:FB:7E, 90:C1:C6, 70:A2:B3, 4C:57:CA, A8:60:B6, 24:F0:94, 90:B0:ED, C4:B3:01, E0:5F:45, 48:3B:38, EC:AD:B8, 98:01:A7, 2C:F0:A2, 04:D3:CF, 0C:51:01, 08:6D:41, 8C:8E:F2, F4:0F:24, 84:A1:34, 1C:91:48, 9C:F4:8E, FC:D8:48, 88:E8:7F, B8:53:AC, 2C:33:61, 60:9A:C1, F0:79:60, 9C:8B:A0, 4C:32:75, 20:3C:AE, 74:8D:08, A0:3B:E3, 5C:F7:E6, A0:D7:95, CC:08:8D, 70:70:0D, 40:4D:7F, 7C:04:D0, BC:9F:EF, 88:66:A5, 78:4F:43, 58:40:4E, DC:0C:5C, 2C:20:0B, E4:E4:AB, 64:B0:A6, 84:FC:AC, 6C:19:C0, 20:AB:37, 18:65:90, B0:70:2D, D0:C5:F3, 60:F4:45, 00:B3:62, F8:62:14, 7C:50:49, DC:A4:CA, 8C:8F:E9, 50:82:D5, 9C:84:BF, D4:61:9D, B0:48:1A, 98:9E:63, DC:A9:04, 48:A1:95, 6C:AB:31, 50:32:37, 70:F0:87, 88:6B:6E, 4C:74:BF, 98:10:E8, B4:9C:DF, C0:D0:12, D4:DC:CD, 48:4B:AA, F8:03:77, 14:BD:61, 48:BF:6B, 24:5B:A7, BC:A9:20, A8:BE:27, B8:63:4D, 6C:96:CF, 30:35:AD, 84:41:67, B4:F6:1C, A4:E9:75, C0:A5:3E, 98:00:C6, 78:7B:8A, 38:66:F0, 20:EE:28, 08:F4:AB, 8C:85:90, 78:88:6D, A8:5C:2C, 00:DB:70, B0:19:C6, 58:E2:8F, AC:1F:74, 9C:E3:3F, F0:98:9D, AC:E4:B5, E4:2B:34, 1C:36:BB, 3C:2E:FF, E4:9A:DC, B8:C1:11, 34:08:BC, B0:CA:68, 80:B0:3D, C8:3C:85, A0:4E:A7, 40:9C:28, 24:F6:77, 78:67:D7, 54:33:CB, D0:D2:B0, D8:8F:76, 3C:2E:F9, F0:76:6F, 40:CB:C0, 40:98:AD, 6C:4D:73, C4:84:66, D0:2B:20, D0:81:7A, C4:61:8B, 68:AB:1E, 2C:61:F6, 98:CA:33, 68:EF:43, CC:2D:B7, D4:A3:3D, E4:E0:A6, 70:EF:00, 08:E6:89, DC:56:E7, 34:7C:25, D4:90:9C, C0:B6:58, 88:19:08, FC:2A:9C, 30:D9:D9, 60:30:D4, 94:BF:2D, C4:98:80, E0:33:8E, 68:FE:F7, BC:E1:43, 64:5A:ED, D4:61:DA, C8:D0:83, 88:E9:FE, 88:AE:07, 5C:09:47, 38:89:2C, 40:83:1D, 50:BC:96, 9C:E6:5E, 90:DD:5D, 08:F6:9C, 14:20:5E, 5C:1D:D9, 18:F1:D8, F8:6F:C1, F0:99:B6, DC:D3:A2, 10:94:BB, F0:18:98, 48:A9:1C, A0:56:F3, 54:99:63, 28:FF:3C, 64:70:33, 84:68:78, 74:9E:AF, B8:41:A4, F8:95:EA, 50:A6:7F, 4C:56:9D, 14:C2:13, 38:53:9C, 58:E6:BA, 74:B5:87, D8:1C:79, 8C:FE:57, C0:A6:00, E4:B2:FB, F8:38:80, 24:1B:7A, 40:26:19, BC:FE:D9, 80:82:23, 90:E1:7B, 18:81:0E, 60:8C:4A, A4:D9:31, FC:B6:D8, 6C:E8:5C, F8:E9:4E, F4:06:16, BC:B8:63, DC:08:0F, F8:2D:7C, 9C:64:8B, 14:D0:0D, FC:18:3C, C0:E8:62, EC:2C:E2, 64:C7:53, 38:F9:D3, 44:E6:6E, E8:36:17, 34:42:62, C0:9A:D0, 58:6B:14, 94:B0:1F, 94:F6:D6, 40:BC:60, 14:9D:99, 98:46:0A, AC:88:FD, 34:A8:EB, 80:4A:14, B8:5D:0A, 94:16:25, A4:83:E7, F4:AF:E7, 7C:9A:1D, 54:62:E2, 44:18:FD, 70:3C:69, B8:B2:F8, 00:5B:94, 88:B2:91, CC:D2:81, C4:2A:D0, E0:89:7E, 10:30:25, 4C:6B:E8, CC:66:0A, FC:1D:43, 8C:86:1E, 18:55:E3, 54:2B:8D, B8:F1:2A, 88:64:40, F8:87:F1, F0:C3:71, 30:57:14, 14:95:CE, E4:50:EB, F4:0E:01, 60:70:C0, C8:B1:CD, 60:8B:0E, 50:7A:C5, 50:DE:06, 14:60:CB, B8:7B:C5, 40:70:F5, B0:35:B5, 80:0C:67, 90:81:2A, 14:87:6A, E0:B5:5F, F8:FF:C2, E0:EB:40, 28:77:F1, F0:A3:5A, 60:83:73, 84:AD:8D, 74:42:8B, 3C:22:FB, 7C:A1:AE, F0:78:07, 08:2C:B6, F8:4E:73, 3C:CD:36, 10:29:59, E4:76:84, F0:5C:D5, 70:EA:5A, 78:D1:62, 08:F8:BC, 90:A2:5B, 88:A4:79, 3C:BF:60, AC:15:F4, 04:72:95, D4:46:E1, 88:A9:B7, EC:CE:D7, AC:90:85, 94:0C:98, E8:FB:E9, 38:EC:0D, 44:4A:DB, 30:90:48, B4:40:A4, 48:B8:A3, F4:DB:E3, 20:E8:74, D0:3F:AA, 7C:AB:60, 44:C6:5D, 18:7E:B9, B8:90:47, 90:9C:4A, 90:8C:43, 3C:7D:0A, E4:90:FD, D0:65:44, 84:AB:1A, BC:09:63, D8:4C:90, 24:D0:DF, 6C:4A:85, 28:F0:33, E8:85:4B, 28:EC:95, E0:2B:96, 64:0B:D7, A8:91:3D, 0C:3B:50, 14:C8:8B, EC:26:51, 18:3E:EF, 60:7E:C9, D8:DC:40, 80:5F:C5, 3C:4D:BE, 48:26:2C, 14:7D:DA, C4:91:0C, 20:69:80, E8:7F:95, 88:C0:8B, 4C:7C:D9, FC:66:CF, AC:1D:06, 44:A8:FC, F8:10:93, 74:8F:3C, 40:F9:46, D0:D2:3C, 78:E3:DE, 64:D2:C4, DC:52:85, E8:81:52, 90:81:58, 98:60:CA, 44:90:BB, 34:FD:6A, 44:35:83, BC:A5:A9, 20:E2:A8, A0:FB:C5, 00:7D:60, 4C:20:B8, 14:88:E6, B4:56:E3, B4:1B:B0, 58:D3:49, F4:34:F0, B0:8C:75, 9C:28:B3, A0:78:17, 5C:87:30, F8:66:5A, 60:BE:C4, F8:B1:DD, A8:81:7E, 44:F2:1B, 74:65:0C, E0:6D:17, F0:B3:EC, F4:65:A6, C4:0B:31, 54:09:10, 9C:FC:28, B4:85:E1, 0C:19:F8, 50:1F:C6, CC:69:FA, 10:CE:E9, 14:D1:9E, 40:C7:11, 5C:70:17, 8C:EC:7B, 34:31:8F, C4:14:11, CC:C9:5D, F4:D4:88, 68:2F:67, 50:ED:3C, 14:98:77, 88:66:5A, B0:E5:F9, FC:4E:A4, F4:BE:EC, 54:E6:1B, B8:81:FA, 9C:76:0E, 94:EA:32, 50:F4:EB, 28:C7:09, 1C:91:80, 4C:B9:10, E0:92:5C, 84:8C:8D, 0C:E4:41, B8:2A:A9, 78:64:C0, E8:1C:D8, 3C:06:30, F0:2F:4B, 40:E6:4B, B4:FA:48, 9C:58:3C, 3C:A6:F6, 4C:AB:4F, C4:12:34, 24:5E:48, 60:06:E3, C4:C3:6B, 08:C7:29, E8:A7:30, 94:5C:9A, 00:F3:9F, E8:78:65, A0:4E:CF, 08:87:C7, D8:DE:3A, 38:65:B2, 08:FF:44, AC:49:DB, 44:F0:9E, 18:56:C3, 84:AC:16, 2C:BC:87, 58:0A:D4, A8:4A:28, D8:BE:1F, 08:8E:DC, A4:77:F3, 98:50:2E, 88:B9:45, 7C:FC:16, DC:F4:CA, B0:BE:83, 20:37:A5, B8:37:4A, DC:B5:4F, 00:8A:76, 10:00:20, 7C:24:99, 8C:7A:AA, 64:5A:36, 5C:52:30, 20:32:C6, 98:DD:60, D4:68:AA, F8:C3:CC, C0:44:42, 5C:50:D9, A8:FE:9D, 88:4D:7C, A0:A3:09, 28:C5:38, 04:99:B9, 78:02:8B, F8:4D:89, D4:57:63, C0:2C:5C, 1C:B3:C9, 60:93:16, DC:53:92, FC:AA:81, 64:6D:2F, 04:68:65, BC:D0:74, 44:1B:88, 10:B9:C4, 9C:3E:53, 80:04:5F, C8:89:F3, 4C:E6:C0, 48:35:2B, 44:DA:30, 28:EA:2D, 38:88:A4, B8:E6:0C, 98:A5:F9, 60:DD:70, EC:A9:07, FC:E2:6C, 1C:71:25, 34:FE:77, 4C:79:75, 6C:E5:C9, 80:65:7C, DC:80:84, 50:57:8A, B0:DE:28, 18:E7:B0, D4:FB:8E, 34:28:40, B0:F1:D8, A4:C3:37, 78:FB:D8, 1C:57:DC, 98:69:8A, D0:88:0C, 50:23:A2, 20:78:CD, 30:D5:3E, 28:02:44, E8:5F:02, 7C:C1:80, A8:5B:B7, 14:2D:4D, 2C:82:17, EC:42:CC, B8:21:1C, B0:3F:64, 4C:2E:B4, 70:31:7F, 74:71:8B, 60:95:BD, B4:19:74, A4:CF:99, 7C:EC:B1, 5C:E9:1E, 04:99:BB, 5C:1B:F4, A8:51:AB, 1C:0D:7D, 14:F2:87, 14:94:6C, 58:55:95, B0:67:B5, C0:95:6D, 3C:39:C8, 5C:52:84, A8:AB:B5, 58:64:C4, 70:B3:06, B8:49:6D, 9C:92:4F, F0:D7:93, 20:0E:2B, 68:83:CB, 5C:3E:1B, 7C:2A:CA, 28:8E:EC, AC:BC:B5, 08:25:73, AC:00:7A, F0:1F:C7, 88:20:0D, B8:14:4D, 2C:57:CE, 08:65:18, EC:28:D3, 2C:32:6A, C4:AC:AA, D0:DA:D7, 6C:B1:33, 20:A5:CB, 94:AD:23, F4:21:CA, BC:89:A7, 6C:7E:67, A8:8F:D9, E4:9C:67, 08:95:42, A4:C6:F0, 1C:6A:76, F8:7D:76, 2C:76:00, 8C:98:6B, 40:ED:CF, 1C:86:82, 80:54:E3, 7C:29:6F, AC:C9:06, C4:35:D9, 04:BC:6D, 70:AE:D5, 20:1A:94, 74:31:74, B0:E5:EF, 28:8F:F6, 58:B9:65, F0:C7:25, 18:FA:B7, 70:22:FE, 88:1E:5A, 00:C5:85, A8:7C:F8, 30:82:16, B8:3C:28, 54:EB:E9, 84:B1:E4, 3C:6D:89, AC:45:00, AC:16:15, EC:73:79, 2C:18:09, FC:47:D8, 74:A6:CD, 2C:7C:F2, 30:D7:A1, FC:31:5D, C4:C1:7D, 60:D0:39, E0:BD:A0, F4:E8:C7, 58:73:D8, 14:85:09, CC:08:FA, 90:9B:6F, 74:73:B4, A4:FC:14, A8:1A:F1, 14:1A:97, 3C:1E:B5, AC:86:A3, FC:9C:A7, 48:E1:5C, 74:15:F5, 28:02:2E, 10:CF:0F, A4:16:C0, DC:45:B8, 90:EC:EA, F0:D3:1F, 10:B5:88, 54:32:C7, B4:AE:C1, 40:92:1A, 20:15:82, 10:E2:C9, 60:82:46, 04:9D:05, 98:B3:79, 2C:C2:53, 10:BD:3A, 18:4A:53, 10:9F:41, 84:88:E1, 70:72:FE, 7C:C0:6F, D4:2F:CA, EC:2C:73, 94:3F:D6, EC:81:50, 28:C1:A0, D0:58:A5, C0:17:54, 58:AD:12, 60:FD:A6, 80:A9:97, 34:8C:5E, F0:EE:7A, D4:0F:9E, 98:0D:AF, DC:6D:BC, A4:D2:3E, 30:E0:4F, A8:9C:78, 20:91:DF, 7C:61:30, 80:B9:89, C4:52:4F, 60:3E:5F, F8:E5:CE, 38:9C:B2, 58:36:53, 84:D3:28, 50:A6:D8, 68:CA:C4, 90:2C:09, EC:0D:51, A0:B4:0F, AC:DF:A1, DC:10:57, 68:3E:C0, 30:D8:75, 34:B1:EB, A0:52:72, A4:F8:41, 20:04:84, 18:3F:70, A4:F6:E8, 28:83:C9, 64:41:E6, 70:BB:5B, 60:57:C8, 74:0E:A4, 7C:4B:26, A0:D1:B3, CC:11:5A, D8:E5:93, CC:68:E0, AC:97:38, 68:45:CC, 0C:DB:EA, CC:60:23, 80:95:3A, F8:71:A6, 28:34:FF, 98:FE:E1, 2C:81:BF, D0:C0:50, 78:A7:C7, 84:94:37, D0:6B:78, 0C:53:B7, 7C:F3:4D, 0C:51:7E, 0C:6A:C4, BC:37:D3, F4:FE:3E, 60:65:25, F4:39:A6, 34:2B:6E, FC:55:57, 8C:26:AA, A8:BB:56, 90:62:3F, 28:2D:7F, D0:3E:07, 50:B1:27, F8:42:88, 60:0F:6B, 10:A2:D3, 88:B7:EB, 4C:97:CC, 34:EE:16, 5C:91:75, 40:DA:5C, D0:11:E5, A0:78:2D, 9C:FA:76, 9C:1A:25, DC:71:D0, 20:FA:85, 24:B3:39, 9C:58:84, 14:28:76, 14:7F:CE, B0:D5:76, 30:3B:7C, BC:BB:58, 1C:E2:09, 00:81:2A, 40:D1:60, AC:07:75, 84:2F:57, 04:41:A5, 1C:0E:C2, 94:21:57, 14:35:B7, 88:6B:DB, F4:52:93, 64:48:42, 9C:60:76, D0:D4:9F, 38:E1:3D, 94:0B:CD, D0:E5:81, 1C:3C:78, 70:8C:F2, 64:0C:91, 58:93:E8, F0:04:E1, CC:81:7D, 14:1B:A0, F8:73:DF"
BlackBerry RTS,"00:0F:86, 00:1C:CC, 00:25:57, 00:26:FF, F4:0B:93, 68:ED:43, 70:AA:B2, 1C:69:A5, 34:BB:1F, 40:6F:2A, 94:EB:CD, 48:9D:24, A4:E4:B8"
Dell Technologies,64:B9:4E
FUJITSU LIMITED,"00:00:0E, 00:E0:00, 00:0B:5D, 00:17:42, 00:23:26, 8C:73:6E, 5C:9A:D8, B0:99:28, 50:26:90, 2C:D4:44, B0:AC:FA, E0:18:77, 74:2B:62, E4:7F:B2, C4:7D:46, FC:08:4A, 38:AF:D7, A8:B2:DA, A0:66:10, 68:84:7E, EC:79:49"
Fairphone,84:CF:BF
"Google, Inc.","00:1A:11, F8:8F:CA, 94:EB:2C, A4:77:33, F4:F5:E8, 3C:5A:B4, 54:60:09, F4:F5:D8, F4:03:04, DA:A1:19, 94:95:A0, 98:D2:93, 08:9E:08, 70:3A:CB, D8:6C:63, 48:D6:D5, E4:F0:42, 20:DF:B9, 88:3D:24, 30:FD:38, 7C:2E:BD, 38:8B:59, 24:05:88, B0:2A:43, 44:07:0B, 3C:8D:20, 1C:F2:9A, 3C:28:6D, 7C:D9:5C, 58:CB:52, 00:F6:20, F0:5C:77, 28:BD:89, F0:EF:86, D4:F5:47, F0:72:EA, CC:F4:11, F8:0F:F9, 88:54:1F, 90:0C:C8, B0:E4:D5, CC:A7:C1, 44:BB:3B, 14:C1:4E, 60:B7:6E, D8:8C:79, 58:24:29, AC:67:84, 08:B4:B1, E4:5E:1B, 9C:4F:5F, D8:EB:46, F8:1A:2B, 14:22:3B, 20:1F:3B, 1C:53:F9, B0:6A:41, 0C:C4:13, DC:E5:5B, 74:74:46, BC:DF:58, 24:29:34, 38:86:F7, 90:CA:FA, C8:2A:DD, 60:70:6C, 24:E5:0F, D4:3A:2C, AC:3E:B1, 24:95:2F, 3C:31:74, B8:7B:D4, E8:D5:2B, 94:45:60, 5C:33:7B, 34:C7:E9, B8:DB:38"
HP Inc.,"04:0E:3C, 00:68:EB, E8:D8:D1, 38:22:E2, B0:5C:DA, BC:E9:2F, 84:2A:FD, F8:0D:AC, 30:24:A9, 6C:02:E0, B0:22:7A, 14:CB:19, 48:9E:BD, 50:81:40, E0:70:EA, C8:5A:CF, C0:18:03, A8:B1:3B, 84:69:93, 5C:60:BA, 38:CA:84, 7C:57:58, 7C:4D:8F, E0:73:E7, BC:0F:F3, 64:4E:D7, D0:AD:08, 2C:58:B9, 30:13:8B"
HTC Corporation,"00:09:2D, 00:23:76, 38:E7:D8, 90:21:55, F8:DB:7F, 7C:61:93, 64:A7:69, D8:B3:77, D4:20:6D, 18:87:96, A8:26:D9, 1C:B0:94, A0:F4:50, E8:99:C4, BC:CF:CC, 84:7A:88, 98:0D:2E, 50:2E:5C, 00:EE:BD, 2C:8A:72, B4:CE:F6, D4:0B:1A, 80:7A:BF, 90:E7:C4, 04:C2:3E, 80:01:84, AC:37:43, 40:4E:36, 74:F6:1C"
"HUAWEI TECHNOLOGIES CO.,LTD","00:E0:FC, 00:18:82, 00:1E:10, 00:25:68, 00:25:9E, 64:16:F0, 28:6E:D4, 78:1D:BA, 4C:54:99, 08:19:A6, 30:87:30, 4C:1F:CC, 54:89:98, 5C:4C:A9, 80:FB:06, F4:C7:14, 04:C0:6F, 1C:1D:67, 20:2B:C1, 24:DB:AC, 28:5F:DB, 40:4D:8E, 54:A5:1B, 84:A8:E4, BC:76:70, CC:96:A0, 0C:37:DC, 10:C6:1F, 28:3C:E4, 80:B6:86, 88:53:D4, AC:E8:7B, F4:55:9C, F8:3D:FF, 20:F3:A3, C8:D1:5E, 4C:B1:6C, 70:7B:E8, 00:46:4B, E0:24:7F, 10:1B:54, FC:48:EF, 10:47:80, A4:99:47, CC:CC:81, EC:23:3D, 34:6B:D3, 78:F5:FD, 70:72:3C, AC:E2:15, 4C:8B:EF, 5C:7D:5E, 60:DE:44, DC:D2:FC, 00:66:4B, 08:63:61, 08:7A:4C, 0C:96:BF, 24:69:A5, 34:CD:BE, 40:CB:A8, 50:9F:27, 70:54:F5, CC:53:B5, D0:2D:B3, D4:6E:5C, E8:CD:2D, F8:01:13, 28:31:52, E4:68:A3, 7C:60:97, AC:4E:91, B4:15:13, D4:B1:10, 70:A8:E3, D8:49:0B, 20:0B:C7, F8:4A:BF, 48:46:FB, 88:86:03, AC:85:3D, D4:6A:A8, 04:F9:38, 14:B9:68, 20:08:ED, 3C:DF:BD, 54:39:DF, 78:6A:89, 88:E3:AB, 90:4E:2B, C4:05:28, D0:7A:B5, E8:08:8B, F4:DC:F9, 74:88:2A, 78:D7:52, 48:62:76, 9C:28:EF, 30:D1:7E, 3C:F8:08, 10:51:72, 34:00:A3, 38:F8:89, 5C:F9:6A, 60:E7:01, 68:A0:F6, 80:71:7A, 9C:C1:72, B0:5B:67, CC:A2:23, EC:CB:30, F4:9F:F3, E0:97:96, F8:E8:11, 04:BD:70, 08:E8:4F, 64:3E:8C, 90:17:AC, 1C:8E:5C, 24:09:95, 24:7F:3C, 58:1F:28, 80:D0:9B, 84:DB:AC, 88:CE:FA, B4:30:52, C0:70:09, E0:19:1D, 18:C5:8A, 94:04:9C, 48:AD:08, 2C:AB:00, 24:DF:6A, 00:9A:CD, 80:38:BC, D4:40:F0, 64:A6:51, 0C:45:BA, D0:3E:5C, F8:98:B9, 2C:CF:58, E4:C2:D1, 88:A2:D7, 3C:47:11, D0:D0:4B, A8:CA:7B, AC:CF:85, EC:4D:47, 88:CF:98, B8:BC:1B, 24:1F:A0, 50:A7:2B, C8:51:95, 00:F8:1C, D4:94:E8, 44:55:B1, 30:F3:35, 74:5A:AA, 7C:1C:F1, 74:A5:28, 4C:FB:45, A4:BA:76, 7C:B1:5D, 58:2A:F7, F4:8E:92, E0:36:76, 7C:A2:3E, E8:BD:D1, 24:9E:AB, FC:E3:3C, 74:A0:63, 48:DB:50, 24:00:BA, A0:8D:16, E8:4D:D0, 94:77:2B, F4:E3:FB, 04:02:1F, 00:34:FE, 68:8F:84, EC:38:8F, BC:9C:31, E4:35:C8, F8:BF:09, 5C:B3:95, 9C:37:F4, BC:62:0E, 78:F5:57, E0:28:61, C4:47:3F, 7C:7D:3D, 44:82:E5, 8C:34:FD, 90:67:1C, 58:7F:66, BC:25:E0, C4:07:2F, 0C:D6:BD, 68:A8:28, A4:DC:BE, 68:89:C1, 84:5B:12, D4:F9:A1, 5C:B4:3E, 04:FE:8D, 48:00:31, 9C:52:F8, 90:03:25, DC:09:4C, DC:EE:06, 14:D1:1F, 54:51:1B, D4:61:2E, 1C:67:58, 98:E7:F5, 24:BC:F8, 58:60:5F, 94:DB:DA, 38:4C:4F, E4:A8:B6, 24:4C:07, E4:7E:66, 9C:74:1A, FC:3F:7C, 60:83:34, 84:AD:58, 88:28:B3, C4:F0:81, 80:13:82, 94:FE:22, F8:23:B2, DC:D9:16, E0:A3:AC, BC:75:74, 20:A6:80, 50:68:0A, 08:C0:21, 48:43:5A, 9C:E3:74, 04:27:58, 34:A2:A2, 20:F1:7C, 34:B3:54, 74:9D:8F, 34:6A:C2, 60:08:10, 48:3C:0C, B0:89:00, 5C:A8:6A, F4:CB:52, 44:6E:E5, A4:71:74, D4:A1:48, D0:65:CA, 8C:EB:C6, B8:08:D7, 2C:9D:1E, C8:8D:83, 04:9F:CA, C8:1F:BE, 20:3D:B2, 48:D5:39, 24:44:27, 48:FD:8E, 50:01:6B, AC:61:75, F0:43:47, 9C:B2:B2, 84:BE:52, 8C:0D:76, 00:5A:13, 18:D2:76, A8:C8:3A, 84:9F:B5, 7C:11:CB, A4:CA:A0, F0:98:38, 18:DE:D7, 48:7B:6B, A4:C6:4F, 4C:F9:5D, 84:21:F1, 70:79:90, 9C:7D:A3, F0:2F:A7, 88:3F:D3, 14:A5:1A, 14:5F:94, 3C:FA:43, 30:74:96, 70:8A:09, 14:9D:09, 50:01:D9, 44:C3:46, 88:44:77, 04:75:03, C8:0C:C8, 04:25:C5, 80:D4:A5, 38:BC:01, 04:B0:E7, 44:6A:2E, C0:BF:C0, A0:8C:F8, 34:1E:6B, 88:66:39, C8:94:BB, D0:FF:98, 50:04:B8, 10:B1:F8, F0:C8:50, 54:25:EA, B0:E5:ED, C8:14:51, C4:86:E9, D8:C7:71, DC:C6:4B, 04:33:89, A0:A3:3B, 2C:55:D3, F4:4C:7F, 14:30:04, F8:75:88, BC:3F:8F, 68:CC:6E, 40:7D:0F, A0:08:6F, C4:FF:1F, 14:A0:F8, 28:B4:48, 28:A6:DB, 84:A9:C4, A0:F4:79, 3C:67:8C, D0:6F:82, 84:47:65, 5C:03:39, 04:4F:4C, 1C:15:1F, B0:55:08, 8C:25:05, 0C:8F:FF, 54:B1:21, 78:62:56, A8:0C:63, 5C:C3:07, 5C:09:79, 00:2E:C7, 48:8E:EF, E4:72:E2, E8:68:19, 60:2E:20, F8:6E:EE, E4:FB:5D, 5C:54:6D, 3C:78:43, 20:54:FA, 98:9C:57, E4:A7:C5, 10:44:00, 6C:B7:49, 94:0E:6B, 38:37:8B, BC:3D:85, B0:E1:7E, 74:D2:1D, 80:41:26, 0C:C6:CC, 3C:E8:24, E8:AB:F3, 50:6F:77, 78:58:60, B4:FB:F9, AC:F9:70, 0C:41:E9, 58:D7:59, B8:94:36, 90:94:97, EC:89:14, DC:72:9B, 04:79:70, C4:9F:4C, A0:57:E3, AC:07:5F, F0:0F:EC, 0C:70:4A, 0C:2C:54, 00:BE:3B, 7C:76:68, 24:2E:02, 3C:CD:5D, B4:CD:27, 7C:A1:77, E4:0E:EE, A4:93:3F, 88:11:96, 60:DE:F3, 58:F9:87, 50:1D:93, 58:BA:D4, 4C:D0:CB, 3C:15:FB, F8:98:EF, 14:09:DC, A8:F5:AC, 50:5D:AC, B0:EB:57, F4:BF:80, 30:45:96, F8:C3:9E, D0:D7:83, A8:7D:12, C0:F4:E6, EC:8C:9A, B4:86:55, 74:C1:4F, 60:FA:9D, DC:99:14, 2C:97:B1, 8C:15:C7, A4:BE:2B, 14:57:9F, 9C:71:3A, B4:43:26, 10:C1:72, 80:B5:75, C4:B8:B4, 34:0A:98, 60:F1:8A, 28:9E:97, D0:EF:C1, 64:6D:6C, 48:57:02, 40:EE:DD, 8C:6D:77, AC:75:1D, 14:D1:69, BC:E2:65, D0:16:B4, 34:2E:B6, 90:2B:D2, AC:92:32, 34:12:F9, 4C:D1:A1, 34:79:16, 88:BF:E4, 0C:B5:27, 30:A1:FA, 88:10:8F, F4:63:1F, 24:FB:65, E4:34:93, 34:29:12, DC:16:B2, DC:90:88, A4:9B:4F, CC:BB:FE, 20:28:3E, 80:69:33, 1C:59:9B, 80:7D:14, 7C:C3:85, 70:19:2F, 70:D3:13, F0:63:F9, 9C:1D:36, 88:F5:6E, D8:9B:3B, C4:06:83, FC:87:43, 74:60:FA, 88:40:3B, 68:A0:3E, B8:C3:85, 94:D0:0D, C8:C2:FA, 18:3D:5E, 88:BC:C1, F4:79:60, 20:65:8E, 1C:7F:2C, E0:CC:7A, 8C:42:6D, 18:02:2D, 48:F8:DB, 2C:58:E8, 24:31:54, 48:3F:E9, 14:3C:C3, EC:56:23, FC:AB:90, 20:DA:22, 88:F8:72, A8:E5:44, 24:DA:33, F8:9A:78, C8:A7:76, A8:49:4D, CC:64:A6, 18:CF:24, 08:4F:0A, 1C:20:DB, 44:00:4D, B4:F5:8E, A4:00:E2, D0:C6:5B, 94:0B:19, 04:88:5F, FC:BC:D1, 24:16:6D, 98:35:ED, 70:C7:F2, 8C:FD:18, C8:50:CE, 28:41:C6, F4:1D:6B, 7C:94:2A, 1C:B7:96, D4:62:EA, 38:47:BC, 44:59:E3, 54:BA:D6, 74:59:09, E4:FD:A1, 54:92:09, E4:19:C1, E0:00:84, 5C:E8:83, 3C:9D:56, D4:6B:A6, 70:FD:45, 24:A5:2C, 10:01:77, 44:A1:91, CC:05:77, 44:67:47, FC:94:35, AC:E3:42, 04:4A:6C, 08:31:8B, E0:24:81, 84:76:37, F0:E4:A2, 38:FB:14, 44:D7:91, 90:17:C8, D8:29:18, 68:4A:AE, AC:B3:B5, 1C:AE:CB, 54:34:EF, 30:FB:B8, 84:46:FE, B0:08:75, BC:B0:E7, 60:D7:55, F0:3F:95, 18:56:44, 9C:69:D1, A0:DF:15, AC:8D:34, 30:E9:8E, C4:44:7D, F4:E5:F2, 54:13:10, 8C:E5:EF, 78:17:BE, 78:B4:6A, 6C:EB:B6, 4C:F5:5B, 64:2C:AC, E8:84:C6, 30:FD:65, F4:DE:AF, 60:12:3C, A0:1C:8D, 70:2F:35, DC:21:E2, FC:1B:D1, 58:25:75, 28:DE:E5, A8:2B:CD, 48:DC:2D, C4:67:D1, C8:C4:65, 1C:43:63, 6C:16:32, 2C:1A:01, F4:A4:D6, 38:EB:47, 10:C3:AB, 28:11:EC, B4:B0:55, 04:8C:16, 8C:68:3A, B4:6E:08, F4:B7:8D, A4:16:E7, B4:09:31, 94:E7:EA, B8:E3:B1, E4:83:26, 44:76:54, 7C:D9:A0, F0:33:E5, 28:E3:4E, 68:E2:09, 78:57:73, AC:60:89, 84:3E:92, 70:8C:B6, 50:46:4A, C4:A4:02, 88:40:33, 90:17:3F, 60:7E:CD, 3C:30:6F, 80:E1:BF, 48:2C:D0, A4:BD:C4, 5C:91:57, 94:25:33, 90:16:BA, D4:46:49, 94:00:B0, 14:13:FB, 90:3F:EA, 20:AB:48, CC:D7:3C, C0:FF:A8, F0:9B:B8, EC:C0:1B, 98:44:CE, E4:3E:C6, 38:88:1E, B0:76:1B, FC:73:FB, 34:58:40, 5C:64:7A, DC:EF:80, 30:C5:0F, 28:68:D2, E8:13:6E, 4C:AE:13, 1C:3D:2F, EC:75:3E, E4:D3:73, C0:BC:9A, 6C:44:2A, A4:7C:C9, C4:0D:96, C0:F6:C2, 0C:31:DC, 00:E4:06, 44:22:7C, CC:B1:82, 00:61:51, BC:76:C5, C8:E6:00, D4:D5:1B, 24:91:BB, 64:5E:10, 58:D0:61, F8:2E:3F, 90:A5:AF, 04:E7:95, F0:F7:E7, A4:17:8B, 94:B2:71, C8:B6:D3, E0:4B:A6, 88:89:2F, 28:E5:B0, C4:FB:AA, AC:DC:CA, B8:5F:B0, D4:4F:67, B4:FF:98, 9C:73:70, 98:3F:60, C0:3F:DD, 08:93:56, 6C:14:6E, 44:E9:68, 9C:B2:E8, B0:EC:DD, 14:AB:02, F8:53:29, 6C:E8:74, C4:69:F0, BC:99:30, 3C:A3:7E, 5C:C0:A0, 04:F3:52, EC:A1:D1, A4:6D:A4, 78:CF:2F, A8:3B:5C, 38:90:52, C0:F6:EC, CC:20:8C, 74:E9:BF, D8:10:9F, 3C:54:47, 00:6B:6F, C0:E3:FB, C4:E2:87, 48:4C:29, C4:D4:38, C0:E0:18, 5C:E7:47, A8:FF:BA, 14:23:0A, 58:AE:A8, 6C:D7:04, 08:79:8C, F0:25:8E, 9C:74:6F, E8:D7:65, E8:6D:E9, 14:46:58, 58:BE:72, 10:8F:FE, 64:13:AB, B0:16:56, 14:EB:08, 10:A4:DA, 38:20:28, E4:77:27, C8:33:E5, 14:89:CB, 6C:26:36, 58:56:C2, A0:36:79, B8:D6:F6, 2C:52:AF, D8:59:82, 48:B2:5D, 98:1A:35, E0:0C:E5, 28:41:EC, 7C:00:4D, 94:A4:F9, 6C:34:91, E8:4D:74, CC:89:5E, F4:FB:B8, A0:70:B7, FC:4D:A6, B4:14:E6, AC:99:29, 18:2A:57, F8:3E:95, 48:12:58, E8:EA:4D, 3C:FF:D8, F8:4C:DA, 08:2F:E9, 98:48:74, 1C:A6:81, E8:A6:60, 44:9B:C1, B4:89:01, 30:37:B3, E0:DA:90, A4:A4:6B, 90:F9:B7, F4:45:88, C0:E1:BE, 88:E0:56, 28:53:4E, 5C:B0:0A, E8:F6:54, 20:87:EC, 54:F6:E2, A8:50:81, 1C:3C:D4, F4:E4:51, C4:5E:5C, C0:F9:B0, 14:8C:4A, 60:9B:B4, 98:F0:83, 88:A0:BE, 94:90:10, 28:FB:AE, 68:1B:EF, C8:84:CF, 64:C3:94, 20:53:83, B8:85:7B, F0:C4:78, 4C:D6:29, D8:6D:17, 68:81:E0, 7C:1A:C0, 24:46:E4, 28:17:09, 60:CE:41, 6C:D1:E5, FC:12:2C, 1C:E6:39, 08:5C:1B, 50:9A:88, A0:44:5C, 64:6D:4E, 3C:93:F4, AC:64:90, C8:9F:1A, D8:68:52, 24:F6:03, 08:FA:28, 7C:39:85, 78:DD:33, 60:53:75, A0:31:DB, CC:BC:E3, 08:9E:84, 10:32:1D, EC:7C:2C, BC:1E:85, B8:56:00, 6C:71:D2, F8:00:A1, D8:76:AE, 0C:84:08, 20:DF:73, 48:12:8F, AC:5E:14, A8:D4:E0, 48:BD:4A, A0:40:6F, 00:4F:1A, 24:97:45, DC:A7:82, 14:49:20, E8:F9:D4, 48:2F:D7, B0:C7:87, 0C:4F:9B, 4C:8D:53, F8:F7:B9, E4:82:10, 8C:83:E8, 1C:73:E2, 08:02:05, 60:4D:E1, 60:3D:29, 54:C4:80, 70:4E:6B, 64:BF:6B, 30:49:9E, F8:B1:32, F8:95:22, C4:34:5B, C0:8B:05, D4:94:00, 84:15:D3, 88:C2:27, 80:54:D9, 54:69:90, 2C:27:68, D8:0A:60, 3C:86:9A, 54:CF:8D, D4:88:66, 60:10:9E, 7C:33:F9, 04:CC:BC, 1C:E5:04, 94:D2:BC, 2C:0B:AB, 3C:A1:61, C4:16:C8, E4:DC:CC, 78:EB:46, F8:28:C9, FC:11:93, 6C:6C:0F, E0:AE:A2, 20:8C:86, F0:A9:51, 60:A6:C5, 6C:04:7A, D8:40:08, 6C:55:8D, C0:06:0C, B0:A4:F0, 6C:67:EF, 88:69:3D, 00:99:1D, B4:3A:E2, F0:C8:B5, B8:5D:C3, 48:27:C5, BC:D2:06, AC:51:AB, 24:EB:ED, 48:CD:D3, EC:55:1C, C0:A9:38, B8:9F:CC, 9C:BF:CD, 2C:A7:9E, 10:24:07, 08:EB:F6, A4:DD:58, 80:3C:20, 24:26:D6, EC:81:9C, 4C:D0:DD, 90:5E:44, E4:90:2A, C0:3E:50, D8:88:63, 80:60:36, EC:A6:2F, 74:34:2B, BC:4C:A0, C4:12:EC, 18:E9:1D, 48:70:6F, E8:AC:23, 68:D9:27, 90:F9:70, 04:CA:ED, 70:9C:45, CC:BA:6F, 78:5C:5E, 50:63:91, E8:A3:4E, 04:18:92, 14:65:6A, 6C:B7:E2, C4:75:EA, 90:25:F2, 2C:94:52, 60:01:B1, 40:B1:5C, 28:80:8A, 34:66:79, FC:18:03, 68:96:2E, 18:D6:DD, CC:3D:D1, 68:F5:43, C0:4E:8A, C0:84:E0, F8:9A:25, 90:01:17, 8C:FA:DD, 54:10:2E, 94:D5:4D, B4:61:42, 7C:66:9A, CC:1E:97, EC:1A:02, F8:DE:73, 74:4D:6D, 30:19:84, D0:4E:99, 20:A7:66, 3C:05:8E, CC:B7:C4, 60:A2:C6, 50:14:C1, 0C:FC:18, A4:6C:24, 80:F1:A4, CC:08:7B, 58:73:D1, DC:D2:FD, 4C:B0:87, 88:B4:BE, 50:0B:26, 50:41:72, A8:B2:71, 94:0E:E7, EC:F8:D0, 88:CE:3F, EC:AA:8F, 70:46:98, 78:08:4D, 88:74:77, C4:DB:04, 94:7D:77, 0C:2E:57, E8:D7:75, 9C:DB:AF, 74:87:2E, 40:45:C4, 88:C6:E8, 70:7C:E3, 04:A8:1C, FC:A0:F3, 38:0F:AD, E4:BE:FB, FC:1D:3A, AC:90:73, 58:F8:D7, A0:AF:12, 60:96:A4, 88:67:DC, 40:41:0D, 54:02:95, BC:C4:27, 40:4F:42, F0:A0:B1, 54:EF:43, 84:64:DD, 68:A4:6A, D8:1B:B5, 94:DF:34, B0:21:6F, 98:4B:06, AC:FF:6B, 78:2D:AD, 24:4B:F1, D0:61:58, 64:67:CD, E4:B2:24, A8:3E:D3, 54:12:CB, 98:9F:1E, 94:47:88, 64:3E:0A, 3A:72:C2, 54:44:3B, 5C:70:75, D8:DA:F1, 98:D3:D7, 88:6E:EB, D4:D8:92, 90:64:AD, 08:70:73, 08:23:C6, 3C:C0:3E, E0:06:30, BC:18:96, 28:31:F8, C4:AA:99, D0:94:CF, 04:14:71, 54:22:59, 00:F9:52, 2C:15:D9, D4:A9:23, 74:9B:89, A8:7C:45, 2C:ED:B0, 2C:69:3E, DC:62:1F, 44:C3:B6, E8:F7:2F, FC:51:B5, 3C:13:BB, D0:D7:BE, F0:F7:FC, 30:FF:FD, B0:99:5A, 00:F7:AD, 78:16:99, E4:0A:16, D4:5F:7A, BC:4C:78, 0C:67:43, F4:79:46, 5C:07:A6, 44:30:3F, CC:1E:56, 6C:D6:3F, 0C:18:4E, 28:4E:44, 80:2E:C3, 30:8E:CF, D8:29:F8, 5C:16:7D, E4:A7:D0, B4:2B:B9, 54:60:6D, 7C:D3:E5, 30:A3:0F, 30:8D:D4, 3C:90:E0, 70:73:62, 94:40:F3, 40:6F:27, 64:53:E0, F4:F2:8A, C0:33:79, 94:E3:00, 0C:E5:B5, FC:F7:38, 8C:86:2A, E8:F0:85, 3C:36:6A, 68:49:83, C8:D1:A9, 2C:B6:8F, 94:35:89, 94:26:1D, 7C:B5:9F, 28:22:1E, C4:57:CD, 28:1D:FB, DC:61:80, 0C:23:8D, 64:29:FF, C0:9B:63, A0:FA:C8, 34:83:D5, 7C:0C:FA, 50:8A:7F, 44:C5:32, 30:D4:E2, 98:5A:98, E0:AD:9B"
Intel Corporate,"00:12:F0, 00:13:02, 00:13:20, 00:13:CE, 00:13:E8, 00:15:00, 00:15:17, 00:16:6F, 00:16:76, 00:16:EA, 00:16:EB, 00:18:DE, 00:19:D1, 00:19:D2, 00:1B:21, 00:1B:77, 00:1C:BF, 00:1C:C0, 00:1D:E0, 00:1D:E1, 00:1E:64, 00:1E:65, 00:1E:67, 00:1F:3B, 00:1F:3C, 00:21:5C, 00:21:5D, 00:21:6A, 00:21:6B, 00:22:FA, 00:22:FB, 00:23:14, 00:23:15, 00:24:D6, 00:24:D7, 00:26:C6, 00:26:C7, 00:27:0E, 00:27:10, 40:25:C2, 50:2D:A2, 64:D4:DA, 78:92:9C, 8C:A9:82, DC:A9:71, 58:94:6B, BC:77:37, 88:53:2E, A0:88:B4, 44:85:00, 64:80:99, 08:11:96, 18:3D:A2, 24:77:03, 4C:80:93, 74:E5:0B, AC:72:89, 0C:D2:92, 10:0B:A9, 68:5D:43, 80:9B:20, 68:05:CA, 90:E2:BA, A0:36:9F, C4:85:08, 9C:4E:36, B8:03:05, 4C:EB:42, 8C:70:5A, 00:DB:DF, 58:91:CF, 60:67:20, E0:94:67, 84:A6:C8, 60:6C:66, B4:B6:76, C4:D9:87, C8:F7:33, 60:36:DD, 0C:8B:FD, FC:F8:AE, 3C:A9:F4, 80:00:0B, 08:D4:0C, 84:3A:4B, 5C:51:4F, 68:17:29, 6C:88:14, A4:4E:31, 00:C2:C6, A0:88:69, 5C:D2:E4, 6C:29:95, 7C:7A:91, AC:7B:A1, B8:8A:60, E0:9D:31, 28:B2:BD, 4C:79:BA, 78:FF:57, 80:86:F2, 98:4F:EE, E8:2A:EA, 30:3A:64, 34:13:E8, 60:57:18, A0:A8:CD, F8:16:54, 90:49:FA, 34:DE:1A, 5C:C5:D4, D0:7E:35, D8:FC:93, E8:B1:FC, 48:51:B7, 80:19:34, B8:BF:83, 34:02:86, CC:3D:82, 7C:CC:B8, B8:08:CF, F4:06:69, 34:E6:AD, AC:FD:CE, 5C:E0:C5, 10:4A:7D, 18:FF:0F, 3C:FD:FE, 58:A8:39, E4:F8:9C, A4:02:B9, 4C:34:88, A4:34:D9, A0:D3:7A, B4:6D:83, E4:FA:FD, DC:53:60, 78:0C:B8, 48:45:20, 7C:5C:F8, 2C:6E:85, C8:34:8E, AC:2B:6E, BC:0F:64, 6C:A1:00, 94:65:9C, 10:02:B5, A4:C4:94, 90:2E:1C, B8:B8:1E, 18:5E:0F, A0:C5:89, E4:B3:18, 84:68:3E, E4:A7:A0, A4:BF:01, E4:A4:71, 10:F0:05, 30:E3:7A, B4:D5:BD, 7C:B0:C2, D0:57:7B, B8:81:98, 68:07:15, E4:02:9B, F0:42:1C, 00:28:F8, 84:EF:18, 58:FB:84, F8:63:3F, F0:D5:BF, 34:F3:9A, C8:21:58, 70:1C:E7, 98:54:1B, B4:96:91, BC:A8:A6, F4:8C:50, 14:AB:C5, 28:16:AD, 7C:67:A2, 3C:F8:62, 88:78:73, 44:03:2C, 9C:DA:3E, E4:42:A6, F8:59:71, F4:96:34, B0:35:9F, F8:94:C2, 28:C6:3F, D4:25:8B, 00:E1:8C, A0:AF:BD, 88:B1:11, 1C:4D:70, 90:61:AE, 34:F6:4B, AC:ED:5C, F8:34:41, CC:2F:71, 64:32:A8, 60:F6:77, 74:E5:F9, E4:70:B8, 40:A3:CC, 68:EC:C5, F8:F2:1E, 34:41:5D, 5C:5F:67, 7C:76:35, 38:DE:AD, 0C:54:15, D4:6D:6D, 74:70:FD, 94:B8:6D, 7C:2A:31, 20:16:B9, 04:D3:B0, 38:BA:F8, B4:6B:FC, 3C:6A:A7, 14:4F:8A, 34:E1:2D, 30:24:32, C0:B6:F9, 00:BB:60, B4:69:21, DC:8B:28, 64:5D:86, 48:A4:72, 1C:1B:B5, 18:1D:EA, 18:56:80, 98:3B:8F, A0:A4:C5, 50:76:AF, F4:D1:08, D8:F2:CA, 20:79:18, FC:77:74, 48:F1:7F, D4:3B:04, A8:6D:AA, 3C:F0:11, 38:00:25, D0:AB:D5, 64:4C:36, A4:C3:F0, 48:89:E7, A0:51:0B, DC:FB:48, 90:78:41, 84:FD:D1, D4:D2:52, 50:E0:85, 24:EE:9A, 5C:87:9C, 40:74:E0, 50:EB:71, 08:71:90, 0C:DD:24, 7C:B2:7D, 04:ED:33, 94:E6:F7, 4C:1D:96, 24:41:8C, 60:F2:62, DC:71:96, D0:C6:37, 04:EA:56, 98:2C:BC, 58:A0:23, 28:7F:CF, C0:B8:83, 5C:CD:5B, 98:AF:65, C8:09:A8, 80:32:53, 40:A6:B7, 5C:80:B6, 84:C5:A6, F8:E4:E3, 0C:7A:15, 54:8D:5A, D8:3B:BF, 04:33:C2, B8:9A:2A, 58:96:1D, 74:D8:3E, 14:F6:D8, 08:D2:3E, A8:7E:EA, 9C:FC:E8, 8C:C6:81, 40:EC:99, CC:F9:E4, 3C:58:C2, E4:5E:37, C8:58:C0, BC:54:2F, E0:D4:E8, 64:BC:58, 34:CF:F6, 6C:6A:77, AC:12:03, A4:B1:C1, 78:2B:46, 34:7D:F6, F8:AC:65, CC:D9:AC, DC:1B:A1, 9C:29:76, 34:2E:B7, 38:68:93, C8:B2:9B, AC:67:5D, 04:6C:59, 94:E7:0B, 2C:DB:07, 98:8D:46, BC:17:B8, 18:26:49, 3C:9C:0F, DC:41:A9, 68:54:5A, 44:AF:28, B0:A4:60, E0:D4:64, 70:9C:D1, B0:7D:64, 8C:8D:28, FC:44:82, 00:42:38, 90:CC:DF, D8:F8:83, FC:B3:BC, 08:5B:D6, 68:3E:26, 8C:55:4A, E8:84:A5, 18:CC:18, 40:1C:83, C0:3C:59, 84:1B:77, B4:0E:DE, E0:2B:E9, 38:FC:98, 50:2F:9B, F8:5E:A0, E8:F4:08, 34:C9:3D, C8:E2:65, A4:6B:B6, D0:3C:1F, F4:B3:01, 48:51:C5, 70:CF:49, 14:18:C3, A4:42:3B, 84:5C:F3, AC:82:47, B0:60:88, 7C:50:79, 80:38:FB, 10:51:07, BC:F1:71, E4:FD:45, 48:68:4A, C4:D0:E3, AC:5A:FC, 4C:79:6E, F0:9E:4A, F0:77:C3, EC:63:D7, 14:85:7F, 94:E2:3C, 64:79:F0, 1C:99:57, 80:45:DD, 28:D0:EA, 64:6E:E0, 04:56:E5, 2C:8D:B1, 58:6C:25, F4:4E:E3, 54:14:F3, 10:3D:1C, 38:87:D5, 6C:FE:54, C4:23:60, 08:6A:C5, 80:B6:55, 20:1E:88, DC:21:5C, 6C:94:66, 0C:9A:3C, DC:21:48, 7C:70:DB, 28:11:A8, 70:A6:CC, 98:43:FA, AC:74:B1, CC:15:31, D4:54:8B, 60:A5:E2, 2C:6D:C1, 20:C1:9B, A0:E7:0B, A8:64:F1, 5C:E4:2A, 28:DF:EB, 60:E3:2B, F4:7B:09, F4:46:37, 70:CD:0D, 00:91:9E, 4C:77:CB, 84:14:4D, 44:E5:17, F4:A4:75, 1C:C1:0C, 60:DD:8E, 8C:1D:96, F4:26:79, 04:EC:D8, 00:D7:6D, BC:09:1B, F0:B6:1E, F0:57:A6, 8C:1F:64:39:7, C4:BD:E5, F8:B5:4D, 8C:B8:7E, 70:1A:B8, 2C:0D:A7, 88:D8:2E, 84:7B:57, 4C:03:4F, 50:84:92, 7C:21:4A, C8:CB:9E, 4C:44:5B, F8:9E:94, 70:32:17, C4:75:AB, 38:7A:0E, 58:CE:2A, 3C:21:9C, 54:6C:EB, 00:93:37, 10:A5:1D, 08:8E:90, C4:03:A8, BC:6E:E2, 50:7C:6F, B0:3C:DC, 70:A8:D3, 8C:F8:C5, 2C:33:58, A0:59:50, A0:80:69, 7C:B5:66, E0:D0:45, 04:CF:4B, 64:D6:9A, 3C:E9:F7, F4:CE:23, EC:E7:A7, F0:B2:B9, 74:04:F1, 14:75:5B, 8C:17:59, 00:A5:54, 00:D4:9E, 78:AF:08, A0:29:42, 28:6B:35, 30:89:4A, F4:C8:8A, 64:49:7D, 98:59:7A, F0:D4:15, D4:D8:53, 70:D8:23, 10:F6:0A, A4:F9:33, 50:28:4A, 30:3E:A7, B4:83:51, 04:E8:B9, E0:2E:0B, C4:3D:1A, B0:DC:EF, 30:05:05, 74:13:EA, 74:3A:F4, BC:03:58, 68:7A:64, F4:3B:D8, AC:19:8E, 58:1C:F8, C8:5E:A9, 08:9D:F4, DC:46:28, 0C:91:92, 48:AD:9A, F4:6D:3F, 90:65:84, 28:C5:D2, C0:A5:E8, D4:E9:8A, E0:C2:64, E4:0D:36, 90:09:DF, E4:60:17, 30:F6:EF, 58:6D:67, 10:2E:00, 20:3A:43, 44:49:88, A0:02:A5, C8:15:4E, 4C:49:6C, 10:91:D1, 6C:4C:E2, F0:20:FF, C8:8A:9A, 6C:F6:DA, A0:B3:39, 70:D8:C2, E4:C7:67, 8C:E9:EE, 60:45:2E, E8:C8:29, F8:FE:5E, 4C:5F:70, 5C:B2:6D, E8:B0:C5, D0:65:78, 6C:2F:80, B0:47:E9, 98:BD:80, D4:F3:2D, 2C:7B:A0, 18:93:41, DC:45:46, DC:97:BA, A0:D3:65, A8:59:5F, E8:BF:B8, 10:5F:AD, 4C:B0:4A, E0:8F:4C, 28:A0:6B, 68:34:21, 98:5F:41"
Jolla Ltd,50:56:A8
LG Electronics,"00:E0:91, 6C:D0:32, C8:08:E9, 14:C9:13, 70:B3:D5:88:D, 38:8C:50, 70:B3:D5:92:7, 30:B4:B8, 38:73:EA:C, 70:B3:D5:72:3, 78:5D:C8, 70:B3:D5:25:7, 70:B3:D5:9E:3, A8:23:FE, 70:B3:D5:4F:1, 20:17:42, 70:B3:D5:88:4, 70:B3:D5:76:5, 64:95:6C, 58:FD:B1, 70:B3:D5:A2:3, B4:B2:91, B0:37:95, F8:38:69, 30:0E:B8, 8C:56:46, 74:E6:B8, AC:5A:F0, 7C:64:6C, 64:E4:A5, F8:01:B4"
"MICRO-STAR INTERNATIONAL CO., LTD.","00:10:DC, 00:0C:76, 00:13:D3, 00:19:DB"
Microsoft Corporation,"00:03:FF, 00:12:5A, 00:15:5D, 00:17:FA, 00:1D:D8, 00:22:48, 00:25:AE, 28:18:78, 20:A9:9B, 10:2F:6B, B8:4F:D5, D4:8F:33, 2C:29:97, EC:59:E7, 84:63:D6, 48:86:E8, D0:92:9E, 20:62:74, 9C:6C:15, 48:50:73, 74:E2:8C, 98:5F:D3, 80:C5:E6, 0C:41:3E, 3C:83:75, 14:9A:10, 0C:E7:25, C8:3F:26, 94:9A:A9, BC:83:85, F0:1D:BC, 5C:BA:37, C4:9D:ED, F0:6E:0B, 2C:54:91, EC:83:50, CA:12:5C, 28:16:A8, 9C:AA:1B, B8:31:B5, 70:BC:10, 98:7A:14, 84:57:33, 1C:1A:DF, 6C:5D:3A, DC:98:40, 44:16:22, A0:85:FC, 4C:3B:DF, F4:6A:D7, A0:4A:5E, 04:27:28, E4:2A:AC, C8:96:65, 38:56:3D, E8:A7:2F, 14:CB:65, A8:8C:3E, CC:60:C8, D8:E2:DF, 90:6A:EB, 68:6C:E6, C4:61:C7, 20:16:42, 3C:FA:06, 0C:35:26, 70:F8:AE, 28:EA:0B, 40:8E:2C, 54:4C:8A, FC:8C:11, 6C:15:44, C4:CB:76, 7C:C0:AA, 84:B1:E2, B8:5C:5C"
"Motorola Mobility LLC, a Lenovo Company","B0:79:94, E0:75:7D, F8:F1:B6, 60:BE:B5, F8:E0:79, CC:C3:EA, 14:30:C6, 34:BB:26, 40:78:6A, 80:6C:1B, A4:70:D6, F4:F1:E1, 90:68:C3, 9C:D9:17, 14:1A:A3, EC:88:92, 84:10:0D, 5C:51:88, E8:91:20, E0:98:61, 24:DA:9B, 1C:56:FE, E4:90:7E, F8:CF:C5, 40:88:05, 44:80:EB, 88:79:7E, 68:C4:4D, F4:F5:24, CC:61:E5, 80:58:F8, F0:D7:AA, A8:96:75, D4:63:C6, D0:04:01, 88:B4:A6, DC:BF:E9, BC:FF:EB, 38:80:DF, D0:77:14, 0C:CB:85, 30:4B:07, D4:C9:4B, 60:1D:91, C0:8C:71, 58:D9:C3, BC:98:DF, 90:73:5A, 24:46:C8, 8C:F1:12, 08:CC:27, 04:D3:95, F8:1F:32, C8:C7:50, 08:AA:55, CC:0D:F2, 44:1C:7F, 00:B8:B6, FC:D4:36, 0C:EC:8D, 38:E3:9F, EC:08:E5, 30:09:C0, 20:B8:68, B8:98:AD, C0:6B:55, D8:CF:BF, 30:83:D2, C8:58:95, BC:1D:89, 64:11:A4, 6C:97:6D, A0:46:5A, 68:87:1C, C4:A0:52, E4:26:D5, 40:FA:FE, EC:ED:73, 50:16:F4, FC:B9:DF, B0:4A:B4, C8:9F:0C, 50:13:1D, 74:B0:59, 7C:7B:1C, B8:7E:39, 74:BE:F3, 1C:64:F0"
Nokia,"00:D0:F6, 48:F8:E1, 8C:90:D3, 38:52:1A, 14:3E:60, 48:F7:F1, D4:E3:3F, 90:3A:A0, 34:AA:99, 4C:C9:4F, 70:25:26, 98:B0:39, 84:26:2B, 94:E9:8C, E4:81:84, BC:8D:0E, B0:75:4D, C4:08:4A, BC:6B:4D, BC:52:B4, A4:7B:2C, 10:E8:78, 84:DB:FC, 0C:54:B9, 1C:EA:1B, FC:2F:AA, F8:5C:4D, 40:7C:7D, 94:B8:19, 50:40:61, 30:FE:31, CC:66:B2, 20:E0:9C, 8C:F7:73, 04:C2:41, A4:92:CB, 7C:41:A2, 50:E0:EF, 24:21:24, E8:93:63, 50:A0:A4, F8:13:08, 84:69:91, AC:8F:F8, 14:7B:AC, DC:B0:82, B0:70:0D, A4:E3:1B, 40:55:82, 14:0F:42, 68:AB:09, FC:1C:A1, 5C:E7:A0, C0:14:B8, A8:24:B8, 6C:0D:34, 10:05:E1, 8C:83:DF, 8C:0C:87, CC:87:4A, 20:F4:4F, A8:9A:D7, 0C:35:4F, DC:A1:20, 50:52:3B, E8:9F:39, E4:41:64, 08:47:4C, 90:C1:19, D8:9A:C1, F0:B1:1D, F8:BA:E6, 10:7B:CE, 7C:85:30, A8:23:16, A4:FF:95, 1C:2A:8B, 18:E2:15, 5C:83:82, F0:6C:73, 18:53:45, 18:5B:00, 40:9B:21, E8:F3:75, C8:72:7E, 9C:F1:55, E4:2B:79, 94:AB:FE, 6C:AE:E3, 9C:E0:41, 78:34:86, 78:03:4F, 04:25:F0, 18:C3:00, D4:4D:77, 40:A5:3B, BC:15:41, E8:86:CF, 00:31:26, 10:98:26, 9C:54:67, 20:5E:97, CC:DE:DE, 20:DE:1E, 8C:7A:00, 5C:76:D5, 04:A5:26, 18:14:AE, E0:CB:19, 80:B9:46, B8:51:A9, 60:C9:AA, 90:EC:E3, 9C:A3:89, EC:0C:96, 6C:62:86, 4C:62:CD, 00:78:39, 10:8A:7B, 0C:4B:48, 58:30:6E"
Nothing Technology Limited,"2C:BE:EB, 3C:B0:ED"
"OPPO Digital, Inc.",00:22:DE
OnePlus Tech (Shenzhen) Ltd,C0:EE:FB
Panasonic Corporation,00:12:67
Razer Inc,44:5E:CD
Realme Chongqing MobileTelecommunications Corp Ltd,"70:5E:55, 58:85:A2, 58:85:E9, 9C:6B:72, 44:46:87, D0:28:BA"
"Samsung Electronics Co.,Ltd","00:00:F0, 00:12:47, 00:12:FB, 00:13:77, 00:15:99, 00:15:B9, 00:16:32, 00:16:6B, 00:16:6C, 00:16:DB, 00:17:C9, 00:17:D5, 00:18:AF, 00:1A:8A, 00:1B:98, 00:1C:43, 00:1D:25, 00:1D:F6, 00:1E:7D, 00:1E:E1, 00:1E:E2, 00:1F:CC, 00:1F:CD, 00:21:4C, 00:21:D1, 00:21:D2, 00:23:39, 00:23:3A, 00:23:99, 00:23:D6, 00:23:D7, 00:24:54, 00:24:90, 00:24:91, 00:24:E9, 00:25:66, 00:25:67, 00:26:5D, 00:26:5F, 44:F4:59, 54:92:BE, 60:D0:A9, 78:25:AD, A0:07:98, A8:F2:74, C8:7E:75, 34:C3:AC, 44:4E:1A, EC:E0:9B, E4:7C:F9, 68:EB:AE, E8:E5:D6, D4:88:90, D4:E8:B2, 10:1D:C0, F4:9F:54, E8:11:32, 3C:5A:37, 3C:8B:FE, 60:A1:0A, 78:47:1D, BC:47:60, E4:E0:C5, FC:A1:3E, 04:18:0F, 20:13:E0, 38:16:D1, 3C:62:00, 54:9B:12, 8C:71:F8, A0:75:91, F4:D9:FB, D0:66:7B, CC:05:1B, D0:17:6A, 8C:77:12, 94:63:D1, 00:07:AB, 0C:DF:A4, 18:46:17, F0:08:F1, 94:51:03, CC:F9:E8, 60:6B:BD, 38:EC:E4, D0:C1:B1, E8:03:9A, 2C:44:01, BC:B1:F3, D0:DF:C7, 8C:C8:CD, E4:B0:21, FC:C7:34, 84:25:DB, B0:D0:9C, 6C:83:36, B0:EC:71, 9C:02:98, F8:D0:BD, 38:0A:94, F0:E7:7E, 48:44:F7, 1C:62:B8, 80:18:A7, D4:87:D8, 18:3F:47, 28:98:7B, BC:85:1F, CC:FE:3C, 18:E2:C2, 58:C3:8B, 0C:71:5D, 50:01:BB, 5C:E8:EB, B8:D9:CE, C4:73:1E, B4:62:93, C8:19:F7, D8:57:EF, 1C:66:AA, 50:B7:C3, B8:C6:8E, 04:FE:31, 98:52:B1, 08:D4:2B, 0C:14:20, 14:89:FD, 14:F4:2A, 1C:5A:3E, 20:D5:BF, 4C:BC:A5, 70:F9:27, 74:45:8A, 78:59:5E, 84:51:81, A0:21:95, BC:20:A4, 08:08:C2, 08:37:3D, 18:67:B0, 28:CC:01, 30:CD:A7, 50:A4:C8, 50:F5:20, 64:77:91, 64:B3:10, 6C:F3:73, 78:9E:D0, 9C:E6:E7, A4:EB:D3, A8:06:00, B0:C4:E7, C4:88:E5, D8:31:CF, F0:5A:09, F4:7B:5E, 08:FC:88, 50:32:75, 78:1F:DB, 9C:3A:AF, F0:6B:CA, 10:77:B1, 10:D5:42, 5C:F6:DC, 78:52:1A, 78:F7:BE, A0:82:1F, BC:72:B1, 04:1B:BA, 18:1E:B0, 5C:3C:27, 88:9B:39, E4:32:CB, 18:26:66, 6C:B7:F4, 78:AB:BB, 94:D7:71, BC:79:AD, C0:65:99, 10:3B:59, 1C:AF:05, 24:C6:96, 24:F5:AA, 94:35:0A, B8:5E:7B, C4:62:EA, D8:90:E8, E4:40:E2, E4:92:FB, F0:72:8C, 28:BA:B5, 34:AA:8B, C8:14:79, 00:E3:B2, 30:19:66, 30:D6:C9, CC:07:AB, E8:4E:84, 00:73:E0, 0C:89:10, 20:D3:90, 4C:3C:16, 80:57:19, B0:DF:3A, BC:44:86, 34:31:11, 34:BE:00, 38:0B:40, 50:FC:9F, 94:01:C2, 08:FD:0E, 24:DB:ED, 50:85:69, 68:48:98, 78:A8:73, B4:3A:28, 90:F1:AA, AC:36:13, C4:50:06, E4:12:1D, 18:83:31, 4C:A5:6D, 50:56:BF, 9C:65:B0, A4:9A:58, B8:6C:E8, 14:B4:84, 18:22:7E, 30:C7:AE, 60:8F:5C, E0:CB:EE, 10:30:47, 10:92:66, 20:6E:9C, 38:2D:D1, 3C:A1:0D, 5C:2E:59, 64:6C:B2, 68:05:71, 6C:2F:2C, F8:84:F2, 54:FA:3E, 08:3D:88, 14:A3:64, 60:77:E2, C4:42:02, D0:59:E4, FC:19:10, C4:57:6E, 00:F4:6F, 08:EE:8B, 0C:B3:19, 38:94:96, 44:6D:6C, 64:B8:53, 84:55:A5, 84:A4:66, A0:B4:A5, A8:7C:01, E4:F8:EF, 30:D5:87, 98:1D:FA, 18:3A:2D, 60:AF:6D, 9C:D3:5B, A8:9F:BA, B8:5A:73, BC:14:85, 7C:F8:54, 38:2D:E8, D0:87:E2, 20:55:31, 54:40:AD, 84:2E:27, 50:F0:D3, 84:11:9E, 08:EC:A9, 10:D3:8A, 98:83:89, 24:4B:03, FC:8F:90, 18:16:C9, F4:42:8F, C0:11:73, BC:E6:3F, B8:57:D8, 94:B1:0A, E4:58:B8, 08:8C:2C, C8:A8:23, 3C:BB:FD, 2C:AE:2B, 7C:91:22, E8:B4:C8, 18:89:5B, E0:DB:10, E0:99:71, E4:58:E7, 8C:BF:A6, 78:40:E4, 90:00:DB, A4:84:31, F4:0E:22, 14:32:D1, FC:F1:36, AC:EE:9E, C0:89:97, 28:27:BF, F0:5B:7B, 7C:F9:0E, AC:5A:14, B0:C5:59, BC:D1:1F, 80:65:6D, 48:13:7E, E8:3A:12, B4:EF:39, 78:BD:BC, B0:47:BF, 7C:0B:C6, 80:4E:81, 24:4B:81, D8:C4:E9, 50:C8:E5, 38:D4:0B, 38:01:95, 14:BB:6E, 94:76:B7, 8C:1A:BF, B4:74:43, 30:CB:F8, 9C:2A:83, E4:5D:75, 08:21:EF, A0:CB:FD, 34:14:5F, 78:C3:E9, F8:77:B8, CC:B1:1A, 18:21:95, A8:81:95, 88:AD:D2, E4:FA:ED, 50:9E:A7, DC:CF:96, C8:38:70, 28:83:35, 44:78:3E, 20:2D:07, 1C:3A:DE, 40:16:3B, B8:BB:AF, 60:C5:AD, D0:FC:CC, 54:F2:01, A0:60:90, D8:5B:2A, AC:C3:3A, 78:00:9E, 98:39:8E, 34:8A:7B, BC:76:5E, 70:28:8B, 84:98:66, E8:93:09, 14:1F:78, 00:6F:64, DC:66:72, F8:E6:1A, 88:83:22, 84:B5:41, 48:49:C7, 20:5E:F7, 5C:49:7D, EC:10:7B, A0:10:81, 2C:BA:BA, 24:92:0E, 40:D3:AE, 60:A4:D0, 00:87:01, FC:42:03, 1C:23:2C, 5C:99:60, E4:7D:BD, F8:3F:51, D8:E0:E1, 68:27:37, D4:7A:E2, 28:39:5E, 90:06:28, D4:AE:05, 3C:05:18, 14:56:8E, C0:D3:C0, 7C:78:7E, 30:96:FB, F0:EE:10, 94:8B:C1, 48:27:EA, C4:AE:12, 50:3D:A1, 50:92:B9, B4:BF:F6, C8:D7:B0, 90:97:F3, 58:C5:CB, AC:AF:B9, DC:74:A8, C0:87:EB, 84:C0:EF, 7C:1C:68, 94:7B:E7, 54:BD:79, 5C:51:81, 38:9A:F6, E0:AA:96, 50:77:05, 2C:40:53, 60:8E:08, 7C:2E:DD, 3C:F7:A4, 34:2D:0D, DC:44:B6, 10:07:B6, 7C:64:56, D8:08:31, 88:75:98, D0:B1:28, 08:78:08, D0:31:69, BC:54:51, 9C:E0:63, C0:17:4D, A4:07:B6, 14:9F:3C, 00:BF:61, 9C:8C:6E, 5C:86:5C, CC:6E:A4, 4C:DD:31, 54:FC:F0, 08:AE:D6, A8:16:D0, 88:BD:45, 30:6A:85, 68:5A:CF, A4:6C:F1, 0C:A8:A7, 54:B8:02, 64:1C:B0, 70:5A:AC, FC:64:3A, D4:E6:B7, 28:02:D8, 3C:DC:BC, F4:71:90, 48:C7:96, 80:4E:70, F4:C2:48, A8:51:5B, C0:48:E6, 64:1C:AE, 00:C3:F4, 10:8E:E0, 68:E7:C2, 3C:57:6C, 0C:E0:DC, 74:EB:80, A8:2B:B9, FC:A6:21, 58:B1:0F, D8:68:C3, C4:93:D9, 70:2A:D5, 88:9F:6F, BC:A5:8B, 70:FD:46, D0:7F:A0, A4:D9:90, 14:96:E5, 80:CE:B9, CC:21:19, FC:03:9F, 00:B5:D0, 8C:83:E1, D0:03:DF, 24:FC:E5, 00:7C:2D, 90:63:3B, 78:23:27, FC:AA:B6, C0:BD:C8, A8:87:B3, 6C:00:6B, 64:7B:CE, F4:7D:EF, 7C:8B:B5, DC:F7:56, B8:BC:5B, 20:32:6C, A8:34:6A, B0:6F:E0, 48:9D:D1, 3C:20:F6, 7C:38:AD, D8:55:75, D4:11:A3, 64:89:F1, 04:BA:8D, 8C:79:F5, D4:9D:C0, 68:7D:6B, 7C:89:56, 8C:E5:C0, F0:8A:76, 00:FA:21, EC:AA:25, 18:19:D6, 88:29:9C, 48:51:69, 7C:23:02, D0:D0:03, 80:31:F0, 0C:2F:B0, 74:9E:F5, 68:BF:C4, 04:B1:A1, CC:46:4E, E0:D0:83, D8:0B:9A, C0:DC:DA, 04:B4:29, 48:79:4D, 70:CE:8C, 88:A3:03, FC:DE:90, 18:54:CF, DC:DC:E2, A0:AC:69, 10:89:FB, 24:5A:B5, C0:D2:DD, 94:2D:DC, AC:1E:92, 38:68:A4, F4:FE:FB, A4:30:7A, B4:1A:1D, 50:50:A4, 80:86:D9, 38:6A:77, 80:7B:3E, F8:F1:E6, DC:89:83, 5C:CB:99, 90:B1:44, 9C:A5:13, 5C:C1:D7, 04:BD:BF, BC:7A:BF, 60:68:4E, 80:20:FD, B4:CE:40, 08:BF:A0, 70:1F:3C, D4:8A:39, E4:F3:C4, 6C:DD:BC, 44:5C:E9, 54:21:9D, 90:EE:C7, 10:29:AB, 18:4E:CB, A0:27:B6, 10:39:17, 98:80:EE, 6C:2F:8A, 24:68:B0, 14:01:52, 4C:C9:5E, 98:06:3C, 98:B8:BC, 18:4E:16, C0:3D:03, E8:6D:CB, 1C:E6:1D, A8:30:BC, 78:46:D4, 18:AB:1D, 84:37:D5, 34:82:C5, BC:7E:8B, 64:E7:D8, C4:18:E9, 1C:E5:7F, 5C:10:C5, 64:03:7F, B4:9D:02, 80:9F:F5, E0:C3:77, 68:72:C3, 70:B1:3D, 9C:5F:B0, E8:7F:6B, 18:5B:B3, 54:3A:D6, 8C:EA:48, 18:CE:94, 78:37:16, EC:7C:B6, 58:A6:39, F0:39:65, 8C:DE:E6, 10:EC:81, C4:5D:83, F0:F5:64, F8:8F:07, 64:07:F6, 10:2B:41, 80:47:86, 7C:0A:3F, D8:A3:5C, C8:51:42, 10:E4:C2, 0C:8D:CA, A0:D7:22, 50:49:B0, C8:BD:69, A8:76:50, 54:D1:7D, 60:3A:AF, 3C:19:5E, 04:B9:E3, C0:23:8D, 80:8A:BD, D0:C2:4E, 54:44:A3, A0:D0:5B, A4:C6:9A, 70:09:71, D0:1B:49, 30:74:67, F0:CD:31, 90:81:75, C8:BD:4D, 2C:15:BF, AC:6C:90, 0C:02:BD, F0:70:4F, 90:B6:22, A0:D7:F3, E0:9D:13, C4:7D:9F, C4:1C:07, 40:11:C3, 7C:C2:25, 48:61:EE, A8:4B:4D, F4:F3:09, 60:FF:12, 24:C6:13, 94:E1:29, BC:45:5B, 1C:86:9A, DC:CC:E6, F0:65:AE, 84:5F:04, 44:EA:30, D0:04:B0, 98:B0:8B, 9C:25:95, 68:4A:E9, 64:D0:D6, 78:F2:38, B0:99:D7, 68:FC:CA, 38:8F:30, 5C:ED:F4, 28:3D:C2, B0:4A:6A, A8:79:8D, E0:03:6B, 18:69:D4, 1C:76:F2, 40:35:E6, B4:70:64, F8:4E:58, 4C:2E:5E, 64:5D:F4, C8:12:0B, 1C:AF:4A, B0:E4:5C, B8:B4:09, 80:19:70, D8:68:A0, 04:29:2E, 40:5E:F6, 9C:2E:7A, 94:52:44, 98:D7:42, A4:75:B9, 80:54:9C, 1C:F8:D0, 98:0D:6F, 80:39:8C, 44:16:FA, 64:B5:F2, E4:EC:E8, C8:90:8A, BC:10:7B, F8:5B:6E, 8C:6A:3B, 24:11:53, 84:22:89, 24:09:35, A4:9D:DD, 6C:55:63, 58:20:71, 24:F0:D3, BC:52:74, 5C:AC:3D, CC:E6:86, 74:19:0A, E8:AA:CB, 6C:70:CB, 48:BC:E1, BC:32:B2, CC:F8:26, 18:26:54, D0:39:FA, AC:80:FB, B4:0B:1D, 6C:AC:C2, BC:F7:30, BC:93:07, 64:1B:2F, 9C:73:B1, 38:8A:06, F4:2B:8C, 80:07:94, 64:17:CD, B4:40:DC, DC:69:E2, 4C:66:A6, 34:F0:43, 2C:99:75, C8:A6:EF, 7C:75:2D, 84:EE:E4, FC:93:6B, CC:E9:FA, 64:66:D8, 38:4A:80, E4:10:88, BC:0E:AB, 98:FB:27, 9C:39:28, 20:15:DE, 28:E6:A9, 4C:57:39, F4:DD:06, A8:BA:69, BC:B2:CC, 08:A5:DF, EC:90:C1, B0:54:76, 54:10:4F, DC:C4:9C, A4:A4:90, B8:A8:25, CC:F9:F0, 04:E4:B6, 28:AF:42, E8:54:97, 40:DE:24, 14:E0:1D, F0:05:1B, 00:2B:70, BC:A0:80, 3C:0A:7A, 24:24:B7, A0:7D:9C, 34:E3:FB, 74:6D:FA, 94:E6:BA"
TOSHIBA CORPORATION,00:00:39
VAIO Corporation,CC:30:80
Xiaomi Communications Co Ltd,"C4:6A:B7, AC:F7:F3, F8:A4:5F, 8C:BE:BE, 68:DF:DD, D4:97:0B, 14:F6:5A, 64:09:80, 00:9E:C8, 28:E3:1F, 0C:1D:AF, 64:B4:73, 98:FA:E3, 7C:1D:D9, 18:59:36, 9C:99:A0, F0:B4:29, F4:8B:32, A0:86:C6, 58:44:98, FC:64:BA, 74:51:BA, 34:80:B3, 20:82:C0, 10:2A:B3, 64:CC:2E, B0:E2:35, 74:23:44, 38:A4:ED, AC:C1:EE, 78:02:F8, C4:0B:CB, 00:EC:0A, 4C:49:E3, EC:D0:9F, 50:8F:4C, F4:F5:DB, E4:46:DA, 18:F0:E4, 04:B1:67, 0C:98:38, D8:63:75, 38:E6:0A, 04:D1:3A, 80:AD:16, 0C:F3:46, 9C:2E:A1, 20:47:DA, 80:35:C1, 50:A0:09, D8:32:E3, 94:87:E0, 20:A6:0C, 08:25:25, F4:60:E2, E0:62:67, 48:2C:A0, 7C:03:AB, 18:01:F1, A4:50:46, 70:BB:E9, 04:E5:98, 70:3A:51, D8:CE:3A, 48:FD:A3, 7C:03:5E, 20:34:FB, A8:9C:ED, E0:DC:FF, 60:AB:67, 7C:D6:61, D0:9C:7A, BC:7F:A4, 20:F4:78, 90:78:B2, B4:C4:FC, 04:C8:07, C8:3D:DC, 58:20:59, 28:16:7F, 1C:CC:D6, A4:45:19, E8:5A:8B, E0:1F:88, A4:4B:D5, E0:CC:F8, 4C:63:71, 9C:28:F7, F4:30:8B, 64:DD:E9, 2C:D0:66, 98:F6:21, 7C:FD:6B, 7C:2A:DB, FC:19:99, 94:17:00, 18:87:40, 34:1C:F0, 4C:02:20, 64:A2:00, 24:11:45, DC:B7:2E, 50:8E:49, 10:3F:44, 9C:BC:F0, 50:3D:C6, 4C:F2:02, 50:98:39, 88:46:04, 8C:AA:CE, 74:15:75, 8C:D9:D6, A4:55:90, 9C:5A:81, 70:5F:A3, 5C:D0:6E, 08:1C:6E, FC:D9:08, 60:6E:E8, B8:3B:CC, BC:6A:D1, 8C:7A:3D, 34:B9:8D, B8:94:E7, D8:B0:53, 6C:F7:84, 0C:C6:FD, 50:DA:D6, FC:02:96, 4C:E0:DB, 04:10:6B, E4:84:D3, AC:1E:9E, 48:87:59, 74:F2:FA, 00:C3:0A, 88:52:EB, BC:61:93, EC:30:B3, F8:AB:82, F0:6C:5D, E0:80:6B, E8:F7:91, 94:D3:31, DC:6A:E7, 7C:A4:49, 14:49:D4, 3C:13:5A, F8:71:0C, 78:D8:40, F4:1A:9C, 94:7B:AE, E8:88:43, 24:D3:37, CC:42:10, B8:EA:98, E4:BC:AA, 2C:FE:4F, 90:2A:EE, A4:CC:B3, CC:EB:5E, 14:99:3E, 88:6C:60, FC:A9:F5, 30:50:CE, B4:05:A1, E4:AA:E4, 68:C4:4C, A4:E2:87, 38:C6:BD, FC:5B:8C, C0:16:93, A8:6A:86, 74:38:22, 9C:9E:D5, B0:9C:63, E8:98:47, D4:17:61, 3C:AF:B7, 6C:48:3F, 68:4D:B6"
Zebra Technologies Inc,"00:A0:F8, 00:05:12, 00:15:70, 00:23:68, 40:83:DE, 84:24:8D, C4:7D:CC"
"vivo Mobile Communication Co., Ltd.","10:F6:81, 28:FA:A0, 3C:A3:48, F4:29:81, EC:DF:3A, E4:5A:A2, C4:66:99, F0:1B:6C, FC:1A:11, DC:1A:C5, 3C:B6:B7, 9C:A5:C0, E0:DD:C0, 88:6A:B1, 20:5D:47, 18:E2:9F, 9C:FB:D5, 54:19:C8, 08:23:B2, 60:91:F3, BC:2F:3D, F4:70:AB, 1C:DA:27, 70:D9:23, C4:AB:B2, F4:B7:B3, 70:78:8B, 94:14:7A, 90:AD:F7, 38:6E:A2, EC:7D:11, 3C:A6:16, 3C:A5:81, 34:E9:11, 70:47:E9, B8:07:16, 94:63:72, 44:9E:F9, 9C:E8:2B, 4C:C0:0A, 20:F7:7C, 70:B7:AA, 28:31:66, 88:F7:BF, 90:C5:4A, E0:13:B5, FC:BE:7B, B4:0F:B3, 08:7F:98, D4:BB:C8, 5C:1C:B9, 48:87:64, F8:E7:A0, 2C:FF:EE, 30:94:35, 08:B3:AF, 0C:20:D3, 18:02:AE, DC:31:D1, 80:8A:8B, D8:A3:15, 3C:86:D1, 20:31:1C, 6C:24:A6, 20:74:54, 18:E7:77, 6C:D9:4C, 98:C8:B8, 54:0E:2D, 70:8F:47, 64:2C:0F, 08:FA:79, A0:22:DE, 10:BC:97, 30:AF:CE, 6C:1E:D7, DC:8C:1B, E4:F1:D4, D4:EC:AB, BC:3E:CB, CC:81:2A, 20:3B:69, 14:DD:9C, 9C:82:81, B8:D4:3E, C0:47:54, 2C:48:81, 0C:60:46, 8C:67:94, D0:9C:AE, 98:7E:E3, FC:1D:2A, 94:31:CB, D4:63:DE, B0:33:66, 38:38:4B, A8:13:06, 50:E7:B7, 28:A5:3F, 8C:49:B6, 28:BE:43, 90:D4:73, A4:90:CE, 2C:9D:65, F4:BB:C7, 48:8A:E8, 3C:A2:C3, F4:63:FC, 6C:D1:99, D8:0E:29, 64:EC:65, 54:11:49, EC:21:50, 8C:E0:42, 20:E4:6F, 8C:DF:2C, 74:33:57, 24:23:61, 74:C5:30, 4C:99:92, 00:9C:C0, DC:2D:04, D4:CB:CC, A8:05:56, 98:2F:86, 88:54:8E, 78:34:FD, 1C:7A:CF, 1C:7A:43, A8:6F:36"
